{
  "qlearning": {
    "alpha": 0.4004063774947973,
    "gamma": 0.9983650615771666,
    "epsilon_decay": 0.9924636943765905
  },
  "prospect": {
    "learning_rate": 0.21885179336864968,
    "gamma": 0.9788738244104789,
    "reference_decay": 0.9900763393887329,
    "epsilon_decay": 0.9989073913855967
  },
  "sarsa": {
    "alpha": 0.18837306746140023,
    "gamma": 0.9381805936671458,
    "epsilon_decay": 0.9976410900433078
  },
  "double_q": {
    "alpha": 0.21495062076169208,
    "gamma": 0.9433773057040765,
    "epsilon_decay": 0.9900830463581557
  },
  "ucb": {
    "alpha": 0.15,
    "gamma": 0.99,
    "c": 2.0
  },
  "expected_sarsa": {
    "alpha": 0.11320391141177716,
    "gamma": 0.9884736221082576,
    "epsilon_decay": 0.9957986951286334
  }
}